<?xml version="1.0"?>
<Solutions>
  <Solution PalletDimensions="1200,800,1600" Overhang="0,0" CaseDimensions="264,194,165" CaseInsideDimensions="250,180,140" CaseWeight="0,00" PalletWeight="20,00" CaseCount="128" FriendlyName="CA 145" Guid="0ee15887-2429-4098-be63-2ac067bf00c2" />
  <Solution PalletDimensions="1200,800,1600" Overhang="0,0" CaseDimensions="314,214,235" CaseInsideDimensions="300,200,210" CaseWeight="0,00" PalletWeight="20,00" CaseCount="50" FriendlyName="CA161" Guid="110d727c-0f54-4732-973e-f75f949770fe" />
  <Solution PalletDimensions="1200,800,1600" Overhang="0,0" CaseDimensions="464,314,275" CaseInsideDimensions="440,300,250" CaseWeight="0,00" PalletWeight="20,00" CaseCount="20" FriendlyName="CA 168" Guid="33de0f33-05bb-46f0-9a9f-5a227c5a29db" />
  <Solution PalletDimensions="1200,800,1600" Overhang="0,0" CaseDimensions="524,524,135" CaseInsideDimensions="510,510,110" CaseWeight="3,00" PalletWeight="20,00" CaseCount="16" FriendlyName="CA ELIS" Guid="7d5d7f09-52c8-4c43-8fc1-cfb67b45c64c" />
  <Solution PalletDimensions="1200,800,1600" Overhang="0,0" CaseDimensions="564,364,375" CaseInsideDimensions="550,350,350" CaseWeight="0,00" PalletWeight="20,00" CaseCount="12" FriendlyName="DD 8" Guid="7b3641a3-26e2-403f-bbb3-08082b5ddfa1" />
  <Solution PalletDimensions="1200,800,1600" Overhang="0,0" CaseDimensions="800,400,200" CaseInsideDimensions="786,386,175" CaseWeight="0,00" PalletWeight="20,00" CaseCount="15" FriendlyName="CA HOSPAL" Guid="e5500d18-974f-4034-9dea-ec7c469081c6" />
  <Solution PalletDimensions="1200,800,1600" Overhang="0,0" CaseDimensions="804,614,165" CaseInsideDimensions="790,600,140" CaseWeight="3,00" PalletWeight="20,00" CaseCount="8" FriendlyName="CA 137" Guid="1096cae6-7cca-4793-ab0b-eef08ab5d1cc" />
  <Solution PalletDimensions="1200,800,1600" Overhang="0,0" CaseDimensions="1200,800,610" CaseInsideDimensions="1145,745,600" CaseWeight="0,00" PalletWeight="20,00" CaseCount="1" FriendlyName="CA CONTAINER" Guid="83afcc40-83c6-4c7e-9024-94e400e6badb" />
  <Solution PalletDimensions="1200,800,1600" Overhang="0,105" CaseDimensions="414,414,225" CaseInsideDimensions="400,400,200" CaseWeight="0,00" PalletWeight="20,00" CaseCount="24" FriendlyName="CA 156" Guid="c52de62e-bb97-4a93-84f2-27a5da152e12" />
  <Solution PalletDimensions="1200,800,1600" Overhang="0,105" CaseDimensions="514,414,265" CaseInsideDimensions="500,400,250" CaseWeight="0,00" PalletWeight="20,00" CaseCount="16" FriendlyName="CA 111" Guid="51aad1a2-a268-439e-ad06-fb9a68d748c2" />
  <Solution PalletDimensions="1200,800,1600" Overhang="105,0" CaseDimensions="1300,100,145" CaseInsideDimensions="1286,86,120" CaseWeight="0,00" PalletWeight="20,00" CaseCount="56" FriendlyName="CA KIMAL" Guid="c2fcdc13-52a3-4861-b080-d0ebb8193e5a" />
  <Solution PalletDimensions="1200,800,1600" Overhang="105,0" CaseDimensions="1300,800,625" CaseInsideDimensions="1286,786,600" CaseWeight="0,00" PalletWeight="20,00" CaseCount="1" FriendlyName="CA CARTO" Guid="2fa61e30-242e-40a2-b6a0-e11b5c7390f0" />
  <Solution PalletDimensions="1200,1000,1600" Overhang="0,0" CaseDimensions="490,490,120" CaseInsideDimensions="476,476,95" CaseWeight="0,00" PalletWeight="20,00" CaseCount="32" FriendlyName="CA SILTRO" Guid="2861fe4d-5e30-4695-acd6-0e0fbff065bb" />
</Solutions>